{
  "contractName": "MyNftCollection",
  "nftName": "My Nft Collection",
  "nftSymbol": "MNC",
  "maxSupply": "10000",
  "saleType": {
    "allowlistSale": { "mintPrice": "0.02", "maxMintAmountPerTx": "5" },
    "publicSale": { "mintPrice": "0.07", "maxMintAmountPerTx": "10" }
  },
  "contractAddresses": {
    "1337": [],
    "4": [],
    "1": []
  },
  "customErrors": {
    "MyNftCollection__InvalidMintAmount": "Invalid mint amount!",
    "MyNftCollection__MaxSupplyExceeded": "Max supply exceeded!",
    "MyNftCollection__InsufficientFunds": "Insufficient funds!",
    "MyNftCollection__AllowlistSaleClosed": "Allowlist sale closed!",
    "MyNftCollection__AddressAlreadyClaimed": "Address already claimed!",
    "MyNftCollection__InvalidProof": "Invalid proof!",
    "MyNftCollection__PublicSaleClosed": "Public sale closed!",
    "MyNftCollection__TransferFailed": "Transfer failed!",
    "MyNftCollection__NonexistentToken": "Nonexistent token!"
  },
  "gasToken": "ETH"
}
